"assessment_id","component","week","title","included","max_score"
"quiz_w01","quiz","1","Week 1 Quiz / Concept Exercise","true","100"
"quiz_w02","quiz","2","Week 2 Quiz / Concept Exercise","true","100"
"quiz_w03","quiz","3","Week 3 Quiz / Concept Exercise","true","100"
"quiz_w04","quiz","4","Week 4 Quiz / Concept Exercise","true","100"
"quiz_w05","quiz","5","Week 5 Quiz / Concept Exercise","true","100"
"quiz_w06","quiz","6","Week 6 Quiz / Concept Exercise","true","100"
"quiz_w07","quiz","7","Week 7 Quiz / Concept Exercise","true","100"
"quiz_w09","quiz","9","Week 9 Quiz / Concept Exercise","true","100"
"quiz_w10","quiz","10","Week 10 Quiz / Concept Exercise","true","100"
"quiz_w11","quiz","11","Week 11 Quiz / Concept Exercise","true","100"
"quiz_w12","quiz","12","Week 12 Quiz / Concept Exercise","true","100"
"quiz_w13","quiz","13","Week 13 Quiz / Concept Exercise","true","100"
"quiz_w14","quiz","14","Week 14 Quiz / Concept Exercise","true","100"
"quiz_w15","quiz","15","Week 15 Quiz / Concept Exercise","true","100"
"lab_w01","lab","1","Week 1 Coding Lab","true","100"
"lab_w02","lab","2","Week 2 Coding Lab","true","100"
"lab_w03","lab","3","Week 3 Coding Lab","true","100"
"lab_w04","lab","4","Week 4 Coding Lab","true","100"
"lab_w05","lab","5","Week 5 Coding Lab","true","100"
"lab_w06","lab","6","Week 6 Coding Lab","true","100"
"lab_w07","lab","7","Week 7 Coding Lab","true","100"
"lab_w09","lab","9","Week 9 Coding Lab","true","100"
"lab_w10","lab","10","Week 10 Coding Lab","true","100"
"lab_w11","lab","11","Week 11 Coding Lab","true","100"
"lab_w12","lab","12","Week 12 Coding Lab","true","100"
"lab_w13","lab","13","Week 13 Coding Lab","true","100"
"lab_w14","lab","14","Week 14 Coding Lab","true","100"
"lab_w15","lab","15","Week 15 Coding Lab","true","100"
"mid_test","mid_test","8","Mid Test — Vehicle Rental System","true","100"
"final_project","final_project","16","Final Project — University Learning Management System","true","100"
"demo","demo","16","Demo / Code Explanation / Participation","true","100"
